{
  "1": {
    "x": 4.21875,
    "y": 85.83916083916084
  },
  "2": {
    "x": 1.25,
    "y": 88.98601398601399
  },
  "3": {
    "x": 3.359375,
    "y": 93.41491841491842
  },
  "4": {
    "x": 5.46875,
    "y": 96.44522144522143
  },
  "5": {
    "x": 8.046875,
    "y": 98.65967365967366
  },
  "6": {
    "x": 11.796875,
    "y": 98.89277389277389
  },
  "7": {
    "x": 15.234375,
    "y": 98.65967365967366
  },
  "8": {
    "x": 19.375,
    "y": 98.77622377622379
  },
  "9": {
    "x": 23.75,
    "y": 98.54312354312354
  },
  "10": {
    "x": 28.125,
    "y": 98.42657342657343
  },
  "11": {
    "x": 32.734375,
    "y": 98.65967365967366
  },
  "12": {
    "x": 37.578125,
    "y": 98.31002331002331
  },
  "13": {
    "x": 42.421875,
    "y": 97.96037296037296
  },
  "14": {
    "x": 46.875,
    "y": 97.26107226107226
  },
  "15": {
    "x": 50.46874999999999,
    "y": 93.29836829836829
  },
  "16": {
    "x": 51.796875,
    "y": 88.2867132867133
  },
  "17": {
    "x": 52.81249999999999,
    "y": 83.74125874125873
  },
  "18": {
    "x": 53.98437499999999,
    "y": 79.31235431235432
  },
  "19": {
    "x": 56.40625,
    "y": 74.41724941724942
  },
  "20": {
    "x": 59.765625,
    "y": 72.9020979020979
  },
  "21": {
    "x": 63.90625,
    "y": 72.08624708624708
  },
  "22": {
    "x": 67.109375,
    "y": 76.51515151515152
  },
  "23": {
    "x": 68.203125,
    "y": 83.04195804195804
  },
  "24": {
    "x": 68.984375,
    "y": 89.21911421911422
  },
  "25": {
    "x": 70.3125,
    "y": 94.58041958041959
  },
  "26": {
    "x": 73.828125,
    "y": 97.96037296037296
  },
  "27": {
    "x": 77.890625,
    "y": 97.84382284382285
  },
  "28": {
    "x": 82.1875,
    "y": 98.31002331002331
  },
  "29": {
    "x": 87.34375,
    "y": 96.91142191142191
  },
  "30": {
    "x": 91.796875,
    "y": 93.41491841491842
  },
  "31": {
    "x": 95.390625,
    "y": 88.05361305361305
  },
  "32": {
    "x": 96.875,
    "y": 82.22610722610723
  },
  "33": {
    "x": 97.5,
    "y": 75.93240093240094
  },
  "34": {
    "x": 96.796875,
    "y": 69.98834498834499
  },
  "35": {
    "x": 93.75,
    "y": 64.5104895104895
  },
  "36": {
    "x": 88.203125,
    "y": 62.41258741258741
  },
  "37": {
    "x": 83.59375,
    "y": 62.76223776223776
  },
  "38": {
    "x": 79.0625,
    "y": 63.81118881118881
  },
  "39": {
    "x": 73.59375,
    "y": 63.46153846153846
  },
  "40": {
    "x": 69.0625,
    "y": 64.5104895104895
  },
  "41": {
    "x": 63.828125,
    "y": 65.9090909090909
  },
  "42": {
    "x": 58.4375,
    "y": 67.3076923076923
  },
  "43": {
    "x": 52.81249999999999,
    "y": 66.02564102564102
  },
  "44": {
    "x": 46.953125,
    "y": 64.74358974358975
  },
  "45": {
    "x": 41.796875,
    "y": 69.28904428904428
  },
  "46": {
    "x": 36.796875,
    "y": 70.68764568764568
  },
  "47": {
    "x": 32.65625,
    "y": 72.66899766899768
  },
  "48": {
    "x": 27.890625000000004,
    "y": 74.53379953379954
  },
  "49": {
    "x": 23.28125,
    "y": 74.65034965034964
  },
  "50": {
    "x": 18.75,
    "y": 74.41724941724942
  },
  "51": {
    "x": 14.140625000000002,
    "y": 73.36829836829837
  },
  "52": {
    "x": 10,
    "y": 71.62004662004662
  },
  "53": {
    "x": 8.4375,
    "y": 65.67599067599068
  },
  "54": {
    "x": 12.34375,
    "y": 59.032634032634036
  },
  "55": {
    "x": 17.578125,
    "y": 54.13752913752914
  },
  "56": {
    "x": 24.296875,
    "y": 50.05827505827506
  },
  "57": {
    "x": 29.843750000000004,
    "y": 52.039627039627035
  },
  "58": {
    "x": 36.40625,
    "y": 55.769230769230774
  },
  "59": {
    "x": 41.875,
    "y": 54.836829836829835
  },
  "60": {
    "x": 46.796875,
    "y": 54.6037296037296
  },
  "61": {
    "x": 51.09375000000001,
    "y": 54.6037296037296
  },
  "62": {
    "x": 55.39062500000001,
    "y": 54.02097902097902
  },
  "63": {
    "x": 59.609375,
    "y": 50.407925407925404
  },
  "64": {
    "x": 62.34375,
    "y": 44.93006993006993
  },
  "65": {
    "x": 65.3125,
    "y": 38.17016317016317
  },
  "66": {
    "x": 61.09375,
    "y": 34.67365967365967
  },
  "67": {
    "x": 56.32812499999999,
    "y": 33.97435897435898
  },
  "68": {
    "x": 51.328125,
    "y": 33.15850815850816
  },
  "69": {
    "x": 45.859375,
    "y": 31.75990675990676
  },
  "70": {
    "x": 36.796875,
    "y": 27.73892773892774
  },
  "71": {
    "x": 29.921874999999996,
    "y": 20.862470862470865
  },
  "72": {
    "x": 22.34375,
    "y": 22.727272727272727
  },
  "73": {
    "x": 15.390625,
    "y": 22.26107226107226
  },
  "74": {
    "x": 12.734375,
    "y": 31.23543123543124
  },
  "75": {
    "x": 4.53125,
    "y": 40.55944055944056
  },
  "76": {
    "x": 1.640625,
    "y": 30.419580419580424
  },
  "77": {
    "x": 2.265625,
    "y": 19.230769230769234
  },
  "78": {
    "x": 8.671875,
    "y": 12.004662004662006
  },
  "79": {
    "x": 16.71875,
    "y": 7.925407925407925
  },
  "80": {
    "x": 22.5,
    "y": 16.083916083916083
  },
  "81": {
    "x": 29.453125000000004,
    "y": 10.606060606060606
  },
  "82": {
    "x": 36.328125,
    "y": 5.477855477855478
  },
  "83": {
    "x": 44.921875,
    "y": 3.0303030303030303
  },
  "84": {
    "x": 51.796875,
    "y": 1.9813519813519813
  },
  "85": {
    "x": 57.578125,
    "y": 2.097902097902098
  },
  "86": {
    "x": 64.6875,
    "y": 1.7482517482517483
  },
  "87": {
    "x": 68.28125,
    "y": 14.452214452214452
  },
  "88": {
    "x": 72.34375,
    "y": 28.438228438228435
  },
  "89": {
    "x": 78.4375,
    "y": 34.61538461538461
  },
  "90": {
    "x": 84.53125,
    "y": 34.38228438228438
  },
  "91": {
    "x": 89.453125,
    "y": 31.11888111888112
  },
  "92": {
    "x": 92.578125,
    "y": 24.592074592074592
  }
}
